20,,,
8w9w90,PN,GamerStation2000,3999.99
e6ta5e,PN,Nintendo DSi ,84.99
4fj3t9,PN,Call of Duty Cold War,69.99
7ye4cg,PN,Fortnite Skin,19.99
420blz,PG,Amazon,
69o42o,PG,PlayStation Store,
8a39dr,PG,iTunes,
daad3p,PG,Fortnite V-Bucks,
badd8t,PU,Pokemon Arceus,59.99
0ed5re,PU,World of Warships,59.99
1dc4o8,PU,Oculus Quest 2,249.99
40arte,PU,Valve Index,599.99
qu4k39,SV,Console Cleaning,29.99
d00n13,SV,Gamer Bus,299.99
six942,SV,PC Repair,99.99
426dda,SB,PlayStation Plus,59.99
d3dd69,SB,Steam Ultra,39.99
35o6f6,SB,PlayStation Now,79.99
12thi9,PN,G-Fuel,10.99
ret43e,SV,Virus Removal,34.99

